{
    "loss": 0.26107102632522583,
    "accuracy": 0.8620689511299133
}