{
    "loss": 0.18009550869464874,
    "accuracy": 0.9396551847457886
}