{
    "loss": 0.20556436479091644,
    "accuracy": 0.931034505367279
}